Problem,Difficulty,Status,Pass,Total,Description,ARI,DCR,FRE,SenCount,LexCount,textStd,Test_diff
bishops,2.3,accepted,3,3,"Yesterday was Sam‚Äôs birthday. The most interesting gift was definitely the chessboard. Sam quickly learned the rules of chess and defeated his father, all his friends, his little sister, and now no one wants to play with him any more.So he decided to play with another birthday gift ‚Äì a Book of Math Problems for Young Mathematicians. He opened the book somewhere in the middle and read the following problem: ""How many knights can be placed on a chessboard without threatening each other?"" After a while he realized that this was trivial and moved on to the next problem: ""How many bishops can be placed on a chessboard without threatening each other?"". Sam is in trouble here. He is not able to solve this problem and needs your help.TaskSam‚Äôs chessboard has size NxN. A bishop can move to any distance in any of the four diagonal directions. A bishop threatens another bishop if it can move to the other bishop‚Äôs position. Your task is to compute the maximum number of bishops that can be placed on a chessboard in such a way that no two bishops threaten each other.InputThe input file consists of several lines. The line number i contains a positive integer representing the size of the i-th chessboard. The size of each chessboard is at most 1000000.OutputThe output file should contain the same number of lines as the input file. The i-th line should contain one number ‚Äì the maximum number of bishops that can be placed on i-th chessboard without threatening each other.",8.7,7.42,73.27,17,254,9.0,0
betting,1.3,wrong answer,0,99,"The popular streaming platform switch.tv just unveiled their newest feature: switch betting. Streamers can now get their viewers to bet on two different options using switch points (patented).Each viewer bets some number of switch points for one of the two options. The total amount of switch points bet by everyone is called the prize pool. The streamer will choose one of the options as the winner and the prize pool is split (not necessarily equally) between all the viewers who bet on that option; the more you bet on the option, the more of the prize pool you receive. In particular, if you contributed p% of all the bets for one of the options and that option wins, then you receive p% of the total prize pool.The switch.tv team has come to you to compute what the switch point payout is for each viewer if their selected option wins. To do this, they ask you to find the switch-payout-ratio for each of the two options. Since the payout to each viewer is proportional to the number of switch points they put into the bet, the switch team will be able to use this ratio to determine each viewer‚Äôs winnings.For example, suppose a streamer created a switch bet where three viewers participated. Two viewers bet 10 and 30 switch points on option one and the last viewer bets 10 switch points on option two. We can see that option one has 80% of the bets and option two has 20% of the bets.If option one wins, then the two viewers who bet on that receive 12.5 and 37.5 switch points, respectively, which means that the switch-payout-ratio is 1 : 1.25 for option one. If option two wins, then the single viewer who bets on that receives 50 switch points, which means that the switch-payout-ratio is 1 : 5.Given the percentage of total bets for option one, help switch.tv by computing the switch-payout-ratio for the two options.InputThe input consists of one integer a (0<a<100), which is the percentage of switch points bet on option one.OutputFor each option (option one, then option two), display the number x such that 1:x is the switch-payout-ratio for that option. Your answer should have an absolute or relative error of at most 10^-3.",9.0,7.15,71.85,23,374,9.0,99
a_different_problem,2.6,accepted,3,3,"Given two integers, find the absolute difference between them.InputEach line of input will contain two positive integers a and b where 0<a,b<10^15. Each integer is given on a separate line.The input ends with the end of file.OutputFor each line of input, output a single integer representing the absolute difference between a and b.",8.7,8.63,52.26,5,53,9.0,0
average_character,1.9,accepted,32,32,"Have you ever wondered what the average ASCII character of any given string is? No? Never? Really? Well, is it a character in the string or something else?Would you do this calculation by hand with an ASCII table? Probably not! All modern programming languages include functions for converting an ASCII character to an integer, and to convert an integer to an ASCII character. Of course, these functions often also handle unicode characters as well, but that is not part of this problem.Given a string of ASCII characters, compute the average character. If the average character lies between two integer ASCII values, return the smaller one.InputThe single line of input contains a single string s (1<=|s|<=100), which consists of ASCII text. All of the characters of s will be printable ASCII, between ASCII 32 (space:‚Äò ‚Äô) and ASCII 126 (tilde:‚Äò~‚Äô). It will NOT contain any control characters such as carriage returns, line feeds, tabs, etc. It is NOT guaranteed to begin, end, or even contain a non-space character.OutputOutput a single ASCII character, which is the average of all of the ASCII characters in s.",10.3,8.29,64.51,12,182,9.0,0
boat_parts,1.6,accepted,12,12,"Boating season is over for this year, and Theseus has parked his boat on land. Of course, the boat looks nothing like it did as of the beginning of the season; it never does. You see, Theseus is constantly looking for ways to improve his boat.At every day of the boating season, Theseus bought exactly one type of item at his local supply store, and replaced the existing part on his boat with it. Now, as the season has ended, Theseus wonders what day he replaced all the parts from the previous season.InputThe first line of the input consists of two space-separated integers P and N, representing the number of parts the boat consists of, and the number of days in the boating season respectively.Then follows N lines, each line has a single word w-i, the type of boat part that Theseus bought on day i.OutputOutput the day Theseus ended up replacing the last existing part from the previous season, or paradox avoided if Theseus never ended up replacing all the different parts.Limits1<=P<=N<=1000.Each word w-i will consist only of the letters a‚Äìz and _ (underscore).Each word w-i will be between 1 and 20 characters long.The number of distinct w-i's will be at most P.",10.3,8.35,69.62,11,204,9.0,0
beekeeper,2.7,wrong answer,1,2,"It‚Äôs Bill the beekeeper again. In this problem, we learn that didn‚Äôt choose his career for the best reason. Bill chose to be a beekeeper because he really, really likes the look of the double e‚Äôs in the word ‚Äúbeekeeper‚Äù. Your task is to help identify other words Bill will really like.Bill‚Äôs affinity for a word is determined by how many pairs of double vowels it has, where vowels are the letters {a,e,i,o,u,y}. Given a list of words, find the word that has the most pairs of double vowels, as it will be Bill‚Äôs favorite word.Notes:It is guaranteed that there will be a unique correct answer. That is, one word in the list will have strictly more pairs of vowels than all other words in the list.No word in the input will have three or more of the same vowel consecutively, because that would just be too much for poor Bill.InputThe input will contain multiple test cases, up to 10. The first line of each case contains N, the number of words in that case (0<=N<=1000). The next N lines will contain the words that make up that case. Each word will contain only lowercase English letters [a-z], and no word will be longer than 80 characters. Words will not necessarily be actual English words, but they will contain at least one letter. The input will be terminated by a line containing a single zero.OutputFor each case, print Bill‚Äôs favorite word. Each output should be printed on its own line.",7.5,7.52,73.47,17,250,8.0,1
bus_numbers,2.5,accepted,20,20,"You are given a list of n integers a1,a2,‚Ä¶,an. A sequence of consecutive integers is called a bus if it has at least two elements. Find all buses such that:the difference between the largest and smallest element in the bus is exactly kthe buses are pairwise disjoint (i.e. they don't overlap)InputThe input consists of:one line with two integers n and k (2‚â§n‚â§105, 1‚â§k‚â§109) ‚Äî the length of the list a and the required difference.one line with n integers a1,a2,‚Ä¶,an (‚àí109‚â§ai‚â§109) ‚Äî the elements of the list a.OutputIf there are no buses, output a single integer 0.Otherwise, output:one line with an integer m (the number of buses)m lines, each containing the number of elements in the corresponding bus and the space-separated elements in non-descending order.The buses should be sorted in non-descending order of their smallest element. If there are multiple buses with the same smallest element, sort them by their size in non-descending order.",11.7,8.76,54.42,9,151,10.0,0
cetvrta,1.4,accepted,7,7,"Mirko needs to choose four points in the plane so that they form a rectangle with sides parallel to the axes. He has already chosen three points and is confident that he hasn‚Äôt made a mistake, but is having trouble locating the last point. Help him.InputEach of the three points already chosen will be given on a separate line. All coordinates will be integers between 1 and 1000 .OutputOutput the coordinates of the fourth vertex of the rectangle.",8.8,7.85,64.1,5,78,9.0,0
infinite_2d_array,5.2,MLE,5,106,"Solve in python and give justification for answer:We define an infinite two dimensional array  using the following formula:F_{0, 0} = 0,F_{0, 1} = F_{1, 0} =1,For i \ge, 2 F_{i, 0} = F_{i-1, 0} + F_{i-2, 0}, For i>=2,  F_{0, i} = F_{0, i-1} +F_{0, i-2},For i,j>= 2,  F_{i, j} = F_{i-1, j} +F_{i, j-1}.Given x and y, your task is to calculate F_{x, y}.InputThe input consists of only a single line, containing 2 integers x and y (0 < x, y < 10^6).OutputPrint a single integer ‚Äî the value of F_{x, y}, modulo 10^9 + 7.Sample input 12 2Sample output 16Sample input 21 5Sample Output 2 13",11.2,11.21,60.04,5,98,13.0,101
island_hopping,2.8,RTE,0,5,"Solve this problem in python:You are a contractor for the small independent nation of Microisles, which is far out in the Pacific ocean, and made up of a large number of islands. The islanders travel between islands on boats, but the government has hired you to design a set of bridges that would connect all the islands together. However, they want to do this at a minimum cost. Cost is proportional to bridge length, so they want to minimize the total length of all bridges put together. You need to decide which bridges should connect which islands.InputThe first line contains an integer 1 <= n <= 10. After that, n cases follow. Each case starts with a line containing the integer number of islands 1<=m<=750, followed by m lines each containing the real-valued horizontal and vertical position of a bridge endpoint for the corresponding island. All bridge endpoints are, of course, unique. Each coordinate is in the range [-1000] to [1000] meters and has at most 3 digits past the decimal point.OutputFor each test case, output the total length of bridges needed to connect all the islands accurate to relative and absolute error of 10^-3 meters.Justify your answer",10.1,9.04,63.39,12,196,11.0,5
triangles,5.3,wrong answer,0,50,"Solve in Python and justifyFor your trip to Beijing, you have brought plenty of puzzle books, many of them containing challenges While these puzzles keep your interest for a while, you quickly get bored with them and instead start thinking about how you might solve them algorithmically. Who knows, maybe a problem like that will actually be used in this year‚Äôs contest. Well, guess what? Today is your lucky day!InputThe first line of input contains two integers r and c (1 \leq r \le 3\, 000,  1 \le c \leq 6\, 000), specifying the picture size, where r is the number of rows of vertices and c is the number of columns. Following this are 2r -1 lines, each of them having at most 2c-1 characters. Odd lines contain grid vertices (represented as lowercase x characters) and zero or more horizontal edges, while even lines contain zero or more diagonal edges. Specifically, picture lines with numbers 4k+1 have vertices in positions 1, 5, 9, 13, \ldots while lines with numbers 4k+3 have vertices in positions 3, 7, 11, 15, \ldots. All possible vertices are represented in the input (for example, see how Figure 1 is represented in Sample Input 2). Horizontal edges connecting neighboring vertices are represented by three dashes. Diagonal edges are represented by a single forward slash (‚Äò/‚Äô) or backslash (‚Äò\‚Äô) character. The edge characters will be placed exactly between the corresponding vertices. All other characters will be space characters. Note that if any input line could contain trailing whitespace, that whitespace may be omitted.OutputDisplay the number of triangles (of any size) formed by grid edges in the input picture.Sample Input 13 3x---x \ /  x / \x   xSample Output 1:1Sample input 2:4 10x   x---x---x   x     \ /   / \  x   x---x   x   x     / \ / \   \x   x---x---x---x   /   / \   \ / \  x---x---x---x---xSample Output 2:12",12.0,9.09,61.36,16,292,12.0,50
bounding_robots,1.7,accepted,2,2,"A robot is located on an infinite grid. The robot is capable of moving a certain distance in a certain direction. The robot does not know the size of the grid, but it knows how far it moves in each direction. If the robot tries to move outside the grid, it will hit a wall and stay in place.There are two diamonds on the grid. The robot must navigate to these diamonds, and report its final position relative to the diamonds. Specifically, the robot must report the distance it is horizontally and vertically from each diamond.Write a program to simulate the robot's movements, and determine its final position relative to the diamonds.Input:The input consists of:One line with two integers w and l (1 ‚â§ w, l ‚â§ 10000), the width and height of the grid.One line with two integers x and y (-10000 ‚â§ x < w, -10000 ‚â§ y < l), the initial position of the robot.One line with two integers dx and dy (0 ‚â§ dx < w, 0 ‚â§ dy < l), the position of the first diamond.One line with two integers gx and gy (0 ‚â§ gx < w, 0 ‚â§ gy < l), the position of the second diamond.One line with an integer n (1 ‚â§ n ‚â§ 100), the number of commands the robot will receive.n lines with one command each. Each command is a character c (either 'U', 'D', 'L', or 'R'), followed by an integer d (1 ‚â§ d ‚â§ 100), indicating that the robot should move d units in the direction given by c.Output:Output two lines. The first line should contain two integers, the horizontal and vertical distance between the robot's final position and the first diamond, respectively. The second line should contain two integers, the horizontal and vertical distance between the robot's final position and the second diamond, respectively.",8.8,7.64,63.49,18,291,8.0,0
so_you_like_your_food_hot,5.4,wrong answer,13,21,"Peter is co-owner of the incredibly successful Pete and Pat‚Äôs Pitas and Pizzas and his sales are on fire! But unfortunately, so is his building, due to carelessly laid delivery boxes placed too close to Pete‚Äôs famous wood burning pizza oven. After sifting though the remnants, one of the few things Pete is able to salvage is a ledger book, but the only thing he can make out on the charred pages is the profit he made during the last month. The insurance company would like to know how many pitas and how many pizzas Pete actually delivered over that period. Pete does recall how much profit he makes on each of these products, so he‚Äôs pretty confident that he can determine how many of each were sold during the last month given the total profit. Well perhaps ‚Äúconfident‚Äù is not the exact word Peter is looking for ‚Äì it‚Äôs more like clueless. Can you help Pete out? I‚Äôm sure there are some discount coupons in it for you, or at least a really cheap price on a used pizza oven.InputInput consists of a single line containing 3 values p_t p_1 p_2, where  0 \leq p_ t \leq 10\, 000.00 is the profit for the month and 0 <p_1, p_2 \leq 100.00 are the profits Pete makes on a pita (p_1) and on a pizza (p_2). All values are in dollars and cents.OutputDisplay two integers: the number of pitas sold and the number of pizzas sold so that the total profit equals the value given. If there is more than one combination of pitas and pizzas that give the specified profit, list them all, one combination per line, listing the combination with the smallest number of pitas first, then the combination with the second smallest number of pitas, and so on. If there are no combinations of pizza and pita sales that realize the profit, output none.Sample Input 1:725.85 1.71 2.38Sample Output 1:199 162Sample Input 2:100.00 20.00 10.00Sample Output 2:0 101 82 63 44 25 0",9.2,8.8,69.52,18,335,9.0,8
boss_battle,1.9,accepted,28,28,"You are playing a new video game in which you have to fight a boss. The boss has ùëÅdifferent powers, numbered from 1 to ùëÅ. To defeat the boss, you must first stun him by using one of his powers.However, you cannot use any of his powers directly, because they are all prime and the boss is immune to them. Instead, you have a gadget that can decrease the power of the boss by any positive non-prime integer.Formally, let ùëù>1 be a positive integer. You can use the gadget to decrease the power of the boss by ùëù (i.e., change it from ùëÅ to ùëÅ‚àíùëù), but only if ùëù is not a prime number. You can use the gadget as many times as you want (or not at all if you prefer).You want to stun the boss by decreasing his power to ùêæ (which is not necessarily prime). What is the smallest number of times you will need to use the gadget to achieve this?Input:The input consists of:one line with an integer ùëÅ (2‚â§ùëÅ‚â§100), the number of powers the boss has.one line with an integer ùêæ (1‚â§ùêæ<ùëÅ), the power you want the boss to have after stunning him.Output:Output the smallest number of times you need to use the gadget to stun the boss.Note:In the first sample case, one optimal solution is to decrease the boss's power by 6, then by 9, and then by 4. In total, the power is decreased by 19. This is the smallest possible decrease that will result in a power of 7 or less.In the second sample case, it is possible to decrease the boss's power by 1, 4, or 6. However, decreasing by 1 or by 4 would not result in a power of 1, 2, 3, 4, or 5, so the smallest number of decreases that can stun the boss is 6.",6.1,6.9,80.31,19,309,7.0,0
mathemagicians,5.1,TLE,0,38,"Solve in Python and justify:There are n mathemagicians standing in a circle. Each mathemagician wears either a blue hat or a red hat. A mathemagician can cast a color change charm which changes the color of their hat to the same color as the hat of the mathemagician directly to the left or to the right of them (the caster of the spell may choose which one of them). Note that mathemagicians are polite people and do not like interrupting each other, so only one mathemagician at a time may perform mathemagic.The mathemagicians are not happy with their current hat configuration, so they would like to use the color change charm repeatedly to enter another hat configuration. Time isn‚Äôt an issue because they can conjure cookies to eat.InputThe first line contains an integer n (3 \leq n \leq 10^5), the number of mathemagicians. The next contains a string of length n. If the ith mathemagician wears a blue hat in the beginning, the ith character of the string is ‚ÄòB‚Äô, otherwise the ith character is ‚ÄòR‚Äô. Finally, the third line contains a string of length n. If the ith mathemagician would like to wear a blue hat in the end, the ith character of the string is ‚ÄòB‚Äô, otherwise the ith character is ‚ÄòR‚Äô.It is guaranteed that not every mathemagician is happy with their hat color in the beginning.OutputOutput ‚Äúyes‚Äù if it is possible for the mathemagicians to achieve the desired hat configuration after a finite number of color change charms, otherwise output ‚Äúno‚Äù.Sample 1 Input:5BRBBRRBBRRSample output 1:yesSample Input 2:6RBRBRBBRBRBRSample Output 2:no",11.2,7.34,52.49,14,262,11.0,38
distance,4.2,TLE,6,22,"Create a Solution in Python with proper indentation and justify The City of Manhattan is organized as a grid of streets and avenues, with streets running in the North-South direction and avenues running in the East-West direction. Streets are numbered from East to West starting from 1, and avenues are numbered from North to South starting from 1. Each intersection is labelled by the street and avenue number (s,a). The distance between two intersections (s1,a1) and (s2,a2) is the absolute value of (s1-s2) plus the absolute value of (a1-a2).Your company operates several food trucks at different intersections in Manhattan and you want to have them spread out so they do not compete with each other. To estimate how spread out they are, you have decided to compute the total distance between every distinct pair of your food trucks. A small total distance would mean that on average, a pair of food truck is too close together.What is the total distance between every distinct pair of food trucks?InputThe first line of input contains an integer N (2<=N<=200000), which is the number of food trucks.The next n  lines describe the food trucks‚Äô locations. Each of these lines contains two integers  s( 1<=s<=1000000), which is the street number of this food truck, and a ( 1<=a <= 1000000), which is the avenue number of this food truck.OutputDisplay the total distance between every distinct pair of food trucks.",12.2,8.06,60.35,12,232,11.0,16
best_relay_team,1.8,TLE,4,27,"You are the coach of the national athletics team and need to select which sprinters should represent your country in the 4 x 100 m relay in the upcoming championships.As the name of the event implies, such a sprint relay consist of 4 legs, 100 meters each. One would think that the best team would simply consist of the 4 fastest 100m runners in the nation, but there is an important detail to take into account: flying start. In the 2nd, 3rd and 4th leg, the runner is already running when the baton is handed over. This means that some runners ‚Äì those that have a slow acceleration phase ‚Äì can perform relatively better in a relay if they are on the 2nd, 3rd or 4th leg.You have a pool of runners to choose from. Given how fast each runner in the pool is, decide which four runners should represent your national team and which leg they should run. You are given two times for each runner ‚Äì the time the runner would run the 1st leg, and the time the runner would run any of the other legs. A runner in a team can only run one leg.InputThe first line of input contains an integer n, the number of runners to choose from (4<=n<=500). Then follow n lines describing the runners. The i‚Äôth of these lines contains the name of the i‚Äôth runner, the time a-i for the runner to run the 1st leg, and the time b-i for the runner to run any of the other legs (8<=b-i<=a-i<=20). The names consist of between 2 and 20 (inclusive) uppercase letters ‚ÄòA‚Äô-‚ÄòZ‚Äô, and no two runners have the same name. The times are given in seconds with exactly two digits after the decimal point.OutputFirst, output a line containing the time of the best team, accurate to an absolute or relative error of at most 10^-9. Then output four lines containing the names of the runners in that team. The first of these lines should contain the runner you have picked for the 1st leg, the second line the runner you have picked for the 2nd leg, and so on. Any solution that results in the fastest team is acceptable.",9.5,7.92,76.25,18,366,8.0,23
bijele,1.4,accepted,10,10,"Mirko has found an old chessboard and a set of pieces in his attic. Unfortunately, the set contains only white pieces, and apparently an incorrect number of them. A set of pieces should contain:One kingOne queenTwo rooksTwo bishopsTwo knightsEight pawnsMirko would like to know how many pieces of each type he should add or remove to make a valid set.InputThe input consists of 6 integers on a single line, each between 0 and 10 (inclusive). The numbers are, in order, the numbers of kings, queens, rooks, bishops, knights and pawns in the set Mirko found.OutputOutput should consist of 6 integers on a single line; the number of pieces of each type Mirko should add or remove. If a number is positive, Mirko needs to add that many pieces. If a number is negative, Mirko needs to remove pieces.",9.6,8.73,70.84,8,138,10.0,0
booking_a_room,1.7,accepted,23,23,"Going to a contest such as NWERC is not all fun and games, there are also some worldly matters to tend to. One of these is to book hotel rooms in time, before all the rooms in town are booked.In this problem, you should write a program to search for available rooms in a given hotel. The hotel has r rooms, numbered from 1 to r, and you will be given a list describing which of these rooms are already booked.InputThe input consists of:one line with two integers r and n (1<=r<=100, 0<=n<=r ), the number of rooms in the hotel and the number of rooms that are already booked, respectively;n lines, each with an integer between 1 and r (inclusive), a room number that is already booked;All n room numbers of the already booked rooms are distinct.OutputIf there are available rooms, output the room number of any such room. Otherwise, output ‚Äútoo late‚Äù.",11.0,8.03,74.63,7,153,11.0,0
bus,1.6,RTE,0,2,"You are given a list of bus stops, where the $i$-th bus stop has a passenger count $p_i$. Your task is to compute the minimum number of buses you need to transport all passengers, given that each bus can carry at most $c$ passengers.Input:The input consists of two lines.The first line contains two integers $n$ ($1 \leq n \leq 100$) and $c$ ($1 \leq c \leq 100$), where $n$ is the number of bus stops and $c$ is the maximum number of passengers a bus can hold.The second line contains $n$ integers $p_i$ ($1 \leq p_i \leq 100$), where $p_i$ is the number of passengers at the $i$-th bus stop.Output:Output the minimum number of buses required to transport all the passengers.",10.3,7.38,67.89,6,121,9.0,2
champernowne_count,3.0,TLE,3,101,"Solve in python and justify:The nth Champernowne word is obtained by writing down the first n positive integers and concatenating them together. For example, the 10th Champernowne word is ‚Äú12345678910‚Äù.Given two positive integers n and k, count how many of the first n Champernowne words are divisible by k.InputThe single line of input contains two integers, n (1 \le n \le 10^5) and k (1 \le k \le 10^9).OutputOutput a single integer, which is a count of the first n Champernowne words divisible by k.Sample Input 1:4 2Sample Output 2:2Sample Input 2:100 7Sample Output 2:14Sample Input 3:314 159Sample Output 3:4Sample Input 4:100000 999809848Sample Output 4:1",12.4,10.52,53.71,6,105,11.0,98
babelfish,2.2,accepted,2,2,"You have just moved from Waterloo to a big city. The people here speak an incomprehensible dialect of a foreign language. Fortunately, you have a dictionary to help you understand them.InputInput consists of up to 100000 dictionary entries, followed by a blank line, followed by a message of up to 100000 words. Each dictionary entry is a line containing an English word, followed by a space and a foreign language word. No foreign word appears more than once in the dictionary. The message is a sequence of words in the foreign language, one word on each line. Each word in the input is a non-empty sequence of at most 10 lowercase letters.OutputOutput is the message translated to English, one word per line. Foreign words not in the dictionary should be translated as ‚Äúeh‚Äù.",8.0,7.26,66.44,10,133,8.0,0
multigram,2.8,wrong answer,0,13,"Write a python program to accomplish this task use proper formatting and indents:Pero is a passionate lover of riddles. The newest type of riddles he has come across requires the solver to check whether the given word is a multigram.A multigram is a word that consists of concatenating two or more words that are all mutually anagrams. The first of these words is called the root of the multigram. For instance, the word bbabab is a multigram with the root bba because it consists of anagrams bba and bab.Help Pero solve the riddle by determining whether his word is a multigram and determining its root in case it is. If there are multiple possible roots of the multigram, output the shortest.Note: Two words are mutually anagrams if one of them can be obtained from the other by changing the letter order.InputThe first and only line of input contains a word of length at most 100000 lowercase English characters.OutputIf the given word is not a multigram, output -1. Otherwise, output the shortest root of the given word in one line.",9.3,7.97,71.85,11,179,10.0,13
baby_bites,1.8,accepted,33,33,"Arild just turned 1 year old, and is currently learning how to count. His favorite thing to count is how many mouthfuls he has in a meal: every time he gets a bite, he will count it by saying the number out loud.Unfortunately, talking while having a mouthful sometimes causes Arild to mumble incomprehensibly, making it hard to know how far he has counted. Sometimes you even suspect he loses his count! You decide to write a program to determine whether Arild‚Äôs counting makes sense or not.InputThe first line of input contains an integer n (1<=n<=1000), the number of bites Arild receives. Then second line contains n space-separated words spoken by Arild, the i‚Äôth of which is either a non-negative integer a-i (0<=a-i<=10000) or the string ‚Äúmumble‚Äù.OutputIf Arild‚Äôs counting might make sense, print the string ‚Äúmakes sense‚Äù. Otherwise, print the string ‚Äúsomething is fishy‚Äù.",10.6,9.15,63.7,9,144,9.0,0
a_towering_problem,2.3,RTE,0,50,"You are given six sticks of lengths $a_1,a_2,a_3,b_1,b_2$ and $b_3$.Determine if you can arrange the sticks into two non-overlapping towers of the same height. In each tower, one stick is stacked on top of another stick, which is possibly stacked on top of a third stick. However, the height of the two towers must be the same, and the sticks in each tower must be strictly decreasing in length from bottom to top.For example, if the sticks have lengths $a_1=10, a_2=3, a_3=3, b_1=4, b_2=2,$ and $b_3=1$, then one tower could be formed by the sticks $10,3,$ and $1$, and the other tower could be formed by the sticks $4,3$, and $2$. Alternatively, the sticks could not be arranged into two towers of the same height.InputThe input consists of a single line with six integers $a_1$, $a_2$, $a_3$, $b_1$, $b_2$, and $b_3$ ($1 \leq a_1,a_2,a_3,b_1,b_2,b_3 \leq 100$).OutputOutput two lines. On the first line, output the height of the towers. On the second line, output the sticks in the left tower from bottom to top, separated by spaces. Then, on the same line, output the sticks in the right tower from bottom to top, also separated by spaces.If there is no way to arrange the sticks into two towers of the same height, output the single line ""impossible"" (without quotes).",10.5,7.65,78.38,12,218,8.0,50
stop_counting!,5.3,wrong answer,0,21,"Solve in Python and justify:The Martingale casino is creating new games to lure in new gamblers who tire of the standard fare. Their latest invention is a fast-paced game of chance called Stop Counting!, where a single customer plays with a dealer who has a deck of cards. Each card has some integer value.One by one, the dealer reveals the cards in the deck in order, and keeps track of the sum of the played cards and the number of cards shown. At some point before a card is dealt, the player can call ‚ÄúStop Counting!‚Äù After this, the dealer continues displaying cards in order, but does not include them in the running sums. At some point after calling ‚ÄúStop Counting!‚Äù, and just before another card is dealt, the player can also call ‚ÄúStart Counting!‚Äù and the dealer then includes subsequent cards in the totals. The player can only call ‚ÄúStop Counting!‚Äù and ‚ÄúStart Counting!‚Äù at most once each, and they must call ‚ÄúStop Counting!‚Äù before they can call ‚ÄúStart Counting!‚Äù. A card is ‚Äúcounted‚Äù if it is dealt before the player calls ‚ÄúStop Counting!‚Äù or is dealt after the player calls ‚ÄúStart Counting!‚ÄùThe payout of the game is then the average value of the counted cards. That is, it is the sum of the counted cards divided by the number of counted cards. If there are no counted cards, the payout is 0.You have an ‚Äòin‚Äô with the dealer, and you know the full deck in order ahead of time. What is the maximum payout you can achieve?InputThe first line of the input contains a single integer 1 \leq N \leq 1\,000\,000, the number of cards in the deck.The second line of input contains N space-separated integers, the values on the cards. The value of each card is in the range [-10^{9}, 10^{9}]. The cards are dealt in the same order they are given in the input.OutputOutput the largest attainable payout. The answer is considered correct if the absolute error is less than 10^{-6}, or the relative error is less than 10^{-9}.Sample ExplanationIn the first sample, by calling ‚ÄúStop Counting!‚Äù before the -10 and ‚ÄúStart Counting!‚Äù before the final 10, we can achieve an average of 10.0 with the cards that are counted.In the second sample, all values are negative, so the best strategy is to call ‚ÄúStop Counting!‚Äù before the first card is dealt and call ‚ÄúStart Counting!‚Äù after the last card is dealt. Since no cards were counted, the average of the counted cards is 0.0.Sample Input 1510 10 -10 -4 10Sample Output 110.000000000Sample Input 24-3 -1 -4 -1Sample Output 20.000000000",6.7,7.02,76.52,37,434,7.0,21
kingdom_of_cats,4.9,wrong answer,0,10,"You probably still remember the problem Kingdom of Kittens from The 2018 ICPC Asia Hanoi Regional Contest. It has been two years since then, the kingdom has since evolved into Kingdom of Cats, with even more challenging problems.As their kingdom grows, the cats need to set a new border for their kingdom. They have found n beautiful bushes. They decided to use these bushes to mark the border of their kingdom.Unfortunately, cats are not so good at geometry, so they want the border to be a polygon with exactly four sides. Additionally, to avoid confusion, for each pair of points inside the polygon, all points on the segment connecting the pair must also lie inside the polygon. In other words, the border must be a convex polygon. As their plan is still under discussion, the cats want you to tell them how many ways to choose the border satisfying all their needs.More formally, given n points on a Cartesian coordinate plane, you should count the number of convex polygons with positive area whose all  vertices are amongst the 4 points.InputThe input contains multiple test cases. Each test case is descried as below:The first line contains a single positive integer n ‚Äî the number of points (1<=n<=50). The sum of n in all test cases does not exceed 500.In the next n lines, the i-th line contains two integers xi and yi ‚Äî the coordinates of the i-th point (-10^9<= xi,yi<= 10^9). It is guaranteed that no two points have the same coordinates.The input is terminated with a line containing a single 0.OutputFor each test case, print a single line containing the number of different convex polygons satisfying the given conditions.Sample Input 1:74 13 12 11 11 21 31 440 00 22 02 20Sample Output 1:91",9.4,9.08,63.39,18,293,9.0,10
another_brick_in_the_wall,2.1,accepted,30,30,"The construction worker previously known as Lars has many bricks of height 1 and different lengths, and he is now trying to build a wall of width w and height h. Since the construction worker previously known as Lars knows that the subset sum problem is NP-hard, he does not try to optimize the placement but he just lays the bricks in the order they are in his pile and hopes for the best. First he places the bricks in the first layer, left to right; after the first layer is complete he moves to the second layer and completes it, and so on. He only lays bricks horizontally, without rotating them. If at some point he cannot place a brick and has to leave a layer incomplete, then he gets annoyed and leaves. It does not matter if he has bricks left over after he finishes.Yesterday the construction worker previously known as Lars got really annoyed when he realized that he could not complete the wall only at the last layer, so he tore it down and asked you for help. Can you tell whether the construction worker previously known as Lars will complete the wall with the new pile of bricks he has today?InputThe first line contains three integers h, w, n (1<=h<=100, 1<=w<=100, 1<=n<=10000), the height of the wall, the width of the wall, and the number of bricks respectively. The second line contains n integers x-i (1<=x-i<=10), the length of each brick.OutputOutput YES if the construction worker previously known as Lars will complete the wall, and NO otherwise.",12.3,7.65,64.24,11,262,12.0,0
the_dragon_of_lootwater,2.8,accepted,7,7,"Solve in Python, Format your answer with proper indentation and justifyOnce upon a time, in the Kingdom of Loowater, a minor nuisance turned into a major problem.The shores of Rellau Creek in central Loowater had always been a prime breeding ground for geese. Due to the lack of predators, the geese population was out of control. The people of Loowater mostly kept clear of the geese. Occasionally, a goose would attack one of the people, and perhaps bite off a finger or two, but in general, the people tolerated the geese as a minor nuisance.One day, a freak mutation occurred, and one of the geese spawned a multi-headed fire-breathing dragon. When the dragon grew up, he threatened to burn the Kingdom of Loowater to a crisp. Loowater had a major problem. The king was alarmed, and called on his knights to slay the dragon and save the kingdom.The knights explained: ‚ÄúTo slay the dragon, we must chop off all its heads. Each knight can chop off one of the dragon‚Äôs heads. The heads of the dragon are of different sizes. In order to chop off a head, a knight must be at least as tall as the diameter of the head. The knights‚Äô union demands that for chopping off a head, a knight must be paid a wage equal to one gold coin for each centimetre of the knight‚Äôs height.‚ÄùWould there be enough knights to defeat the dragon? The king called on his advisors to help him decide how many and which knights to hire. After having lost a lot of money building Mir Park, the king wanted to minimize the expense of slaying the dragon. As one of the advisors, your job was to help the king. You took it very seriously: if you failed, you and the whole kingdom would be burnt to a crisp!InputThe input contains up to 5 test cases. The first line of each test case contains two integers between 1 and 20000 inclusive, indicating the number n of heads that the dragon has, and the number m of knights in the kingdom. The next n lines each contain an integer, and give the diameters of the dragon‚Äôs heads, in centimetres. The following m lines each contain an integer, and specify the heights of the knights of Loowater, also in centimetres. All diameters and heights are between 0 and 10000 centimeters inclusive.The last test case is followed by a line containing ‚Äú0 0‚Äù.OutputFor each test case, output a line containing the minimum number of gold coins that the king needs to pay to slay the dragon. If it is not possible for the knights of Loowater to slay the dragon, output a line containing ‚ÄúLoowater is doomed!‚Äù.",8.3,7.5,71.44,27,452,8.0,0
akcija,2.2,accepted,12,12,"Every year, there is a sale in a bookstore. This year, the sale is special because every customer gets a discount, but the discount changes from customer to customer. When a customer arrives at the cash register, the cashier enters the price of each book the customer wants to buy. When the cashier enters the price of the last book, the discount that customer gets is determined based on the prices of the books that customer has bought.More specifically, if the customer has bought N books with prices P1, P2, ‚Ä¶, PN, the cashier determines the discount as follows:Let M be the smallest integer such that N / M is an integer.The customer gets a discount of the sum of the M cheapest books among P1, P2, ‚Ä¶, PN.For example, suppose a customer wants to buy 7 books with prices 6, 4, 3, 2, 5, 1, and 7. Then the cashier will determine the discount as follows:N = 7, so M = 1.The 1 cheapest book among P1, P2, ‚Ä¶, PN is the book with price 1.The customer gets a discount of 1.The customer pays the full price for each of the K cheapest books and gets the discount on all the other books.Mirko has written a program for entering the prices of the books. Unfortunately, the program is very slow, so it takes him more than 2 seconds to enter the price of a single book. Help Mirko by writing a program that calculates the maximum possible discount that a customer can get without having to wait too long.Input:The first line of input contains an integer N (1 ‚â§ N ‚â§ 10^5), the number of books in the customer's shopping cart.The second line of input contains N integers Pi (1 ‚â§ Pi ‚â§ 10^5), the prices of the books.Output:Output a single integer, the maximum possible discount that a customer can get.",9.0,7.19,70.33,17,302,8.0,0
bacon_eggs_and_spam,1.8,accepted,2,2,"You are a short-order cook in a local diner. Each day, a series of customers enter your diner and order a list of items from the menu. You not only prepare their orders, but you also make a list of who ordered what. At the end of the day, you like to reflect back on who ordered the various items on your menu. This will help you to make decisions about what you should feature on your menu, how you should price it, and what items you may be able to drop from the menu. Develop a program to generate a report of the day‚Äôs orders.InputInput consists of descriptions of up to 100 days‚Äô worth of diner orders. The description of each day starts with a line containing an integer, 1<=n<=20, giving the number of customers who visit the diner. This is followed by n lines, each starting with the name of an individual. The remainder of the line is a non-empty, space-separated list of up to 10 unique menu items ordered by the individual. Each individual‚Äôs name is unique and appears at most once on a given day. Each name has at most 15 characters (all A‚ÄìZ) beginning with an uppercase letter (lowercase characters may follow). All menu items have up to 15 characters using only a‚Äìz (lowercase) and ‚Äò-‚Äô (dash). Input terminates with a value of zero for n.OutputFor each day, print out a report of who ordered each menu item, one line per menu item. The line should give the name of the menu item, followed by a space-separated list of all the people who ordered it. The list of menu items for a given day should be sorted lexicographically, and the list of names reported for an item should also be sorted lexicographically. Print a blank line after the report for each day.",8.1,7.47,71.14,18,306,8.0,0
99_problems,2.7,wrong answer,0,19,"You are given a non-negative integer n. Your task is to count the number of ways to form the number n using only the digits 4 and 7. For example, if n=10, there are three ways to form the number: 4+6, 7+3, and 4+4+2.Write a program that takes the input integer n and prints the number of ways to form n using only the digits 4 and 7.Input:A single integer n (0 ‚â§ n ‚â§ 10^6).Output:A single integer representing the number of ways to form n using only the digits 4 and 7.",5.7,8.21,72.97,6,91,8.0,19
lazy_learner,5.2,wrong answer,0,30,"Solve in Python with proper formatting and justifyLang is very lazy at learning English. He is always getting distracted during English classes. Being happy with the sweet message he got from his girlfriend yesterday, Lang invented a game to play during his English class.Lang has an English dictionary containing n words, denoted as T_1, T_2, \ldots , T_ n. Denoting as S the message he received, his game is as below:First, he chooses two indices l and r  (1 \leq \ell \leq r \leq |S|).Then, he considers the substring of S from l to r, he finds all words in his dictionary which are subsequences of this substring.Next, he sorts all these words in lexicographic order.Finally, he chooses a positive integer k and wonders which is the k-th word of this list.Lang wants to play this game q times. However, he worries that the class would end before he finishes playing, so he asks you to write a program to find the k-th word quickly.NoteGiven a string S = s_1 s_2 \ldots s_ n:The substring of S from l to r (1 \leq \ell \leq r \leq n) is the string s_\ell s_{\ell +1} \ldots s_ r.A string T = t_1 t_2 \ldots t_ m is a subsequence of S iff there exists a sequence of indices 1 \leq i_1 < i_2 < \cdots < i_ m \leq n such that.A string S = s_1 s_2\ldots s_ n is lexicographically smaller than a string T = t_1 t_2 \ldots t_m iff any of the following is satisfied:n<m and S_ i = T_ i~ \forall 1 \leq i \leq n.There exists an index j such that 1 \leq j \leq \min (m,n), S_ i = T_i~ \forall 1\leq i < j and S_ j < T_ j.InputThe first line contains a string S of at most 500 lowercase English characters ‚Äî the message Lang received yesterday.The second line contains two integers n (1 \leq n \leq 2 \cdot 10^4) ‚Äî the number of words in Lang‚Äôs dictionary, and q (1 \leq q \leq 3 \cdot 10^5) ‚Äî the number of times Lang plays his game.Each of the next n lines contain a non-empty string of lowercase English characters ‚Äî a word in Lang‚Äôs dictionary. The total length of these  words does not exceed 8 \cdot 10^4.Each of the last q lines contain three positive integers l, r, and k (1 \leq \ell \leq r \leq |S|, 1 \leq k \leq n) presenting a game as described above.OutputPrint q lines describing the words Lang is looking for in these q games. If the length of the word is longer than 10 characters, print only the first 10 characters. If in some game, that word does not exist (i.e, k is greater than the number of words in the list), print ‚ÄòNO SUCH WORD‚Äô instead.Please note that the checker of this problem is case-sensitive.Sample  input 1:abcd3 5aacbd1 3 11 3 21 3 32 4 12 4 2Sample Output 1:aacNO SUCH WORDbdNO SUCH WORD",8.8,8.48,77.16,25,484,7.0,30
maximum_number_of_colinear_points,4.9,wrong answer,0,2,"Solve in Python and JustifyInputInput contains several test cases. Each test case begins with an integer n (1<= n <= 1000). Then follow a list of n points, one per line, each of the form x y. Coordinates are integer with absolute value bounded by 10000. The given points are all distinct. The input is terminated by a case beginning with 0.OutputFor each test case, output the maximum number of simultaneously colinear points in the given set of points.Sample Input 1:30 010 00 10120 20650 5060 5570 6080 6550 4050 300Sample Output 1214",7.1,11.24,68.26,8,92,7.0,2
billard,1.8,wrong answer,0,2,"In a billiard table with horizontal side a inches and vertical side b inches, a ball is launched from the middle of the table. After s>0 seconds the ball returns to the point from which it was launched, after having made m bounces off the vertical sides and n bounces off the horizontal sides of the table. Find the launching angle A (measured from the horizontal), which will be between 0 and 90 degrees inclusive, and the initial velocity of the ball.Assume that the collisions with a side are elastic (no energy loss), and thus the velocity component of the ball parallel to each side remains unchanged. Also, assume the ball has a radius of zero. Remember that, unlike pool tables, billiard tables have no pockets.InputInput consists of a sequence of lines, each containing five nonnegative integers separated by whitespace. The five numbers are: a, b, s, m, and n, respectively. All numbers are positive integers not greater than 10000.Input is terminated by a line containing five zeroes.OutputFor each input line except the last, output a line containing two real numbers (rounded to exactly two decimal places) separated by a single space. The first number is the measure of the angle A in degrees and the second is the velocity of the ball measured in inches per second, according to the description above.",10.9,8.88,52.6,12,223,11.0,2
rise_and_fall,4.4,wrong answer,0,12,"Create a Solution in Python with proper indentation and justify A number is said to Rise and Fall if the decimal representation can be broken up into two parts (possibly empty) where the first part has digits in nondecreasing order and the second part has digits in nonincreasing order. Note that a proper integer may not have any leading 0s.Compute the largest number less than or equal to an input number that rises and falls.InputThe first line of input contains an integer t (1<= t<= 10^5), which is the number of test cases.Each of the next t lines contains a single integer n ( 1 <=n < 10^100000). Each is a single test case.Note: that is not a typo. The integer can be up to 10^5 digits long.The sum of the lengths of all input test cases will not exceed 10^5.OutputFor each test case, output a single line with a single integer, which is the largest number less than or equal to the n for that test case that rises and falls.Sample Input 1:22904156577Sample Output 1:2900056555",8.4,8.05,72.36,11,174,9.0,12
backspace,2.2,accepted,25,25,"Shortly before the programming contest started, Bjarki decided to update his computer. He didn‚Äôt notice anything strange until he started coding in his favorite editor, Bim (Bjarki IMproved). Usually when he‚Äôs writing in an editor and presses the backspace key a single character is erased to the left. But after the update pressing that key outputs the character <. He‚Äôs tested all the editors on his machine, Bmacs, Neobim, bjedit, NoteBjad++ and Subjark Text, but they all seem to have the same problem. He doesn‚Äôt have time to search the web for a solution, and instead decides to temporarily circumvent the issue with a simple program.Help Bjarki write a program that takes as input the string that was written in the text editor, and outputs the string as Bjarki intended to write it. You can assume that Bjarki never intended to write the character <, and that Bjarki never pressed the backspace key in an empty line.InputOne line containing the string that was written in the text editor. The length of the string is at most 10^6, and it will only contain lowercase letters from the English alphabet as well as the character <.OutputOne line containing the string as Bjarki intended to write it.",11.1,8.54,61.26,11,202,11.0,0
book_club,5.2,wrong answer,0,16,"Solve this problem in Python with proper formatting and justification:Porto‚Äôs book club is buzzing with excitement for the annual book exchange event! Every year, members bring their favorite book and try to find another book they like that is owned by someone willing to trade with them.I have been to this book exchange before, and I definitely do not want to miss it this year, but I feel that the trading should be improved. In the past, pairs of members interested in each other‚Äôs books would simply trade: imagine that person A brought a book that person B liked and vice-versa, then A and B would exchange their books.I then realized that many members were left with the same book they walked-in with... If instead of looking for pairs I looked for triplets, I could find more valid exchanges! Imagine that member A only likes member B‚Äôs book, while B only likes C‚Äôs book and C likes A‚Äôs book. These 3 people could trade their books in a cycle and everyone would be happy!But why stop at triplets? Cycles could be bigger and bigger! Could you help me find if it is possible for everyone to go out with a new book? Be careful, because members will not give their book without receiving one they like in return.TaskGiven the members of the book club and the books they like, can we find cycles so that everyone receives a new book?InputThe first line has two integers: N, the number of people, and M, the total number of ‚Äúdeclarations of interest‚Äù. Each of the following M lines has two integers, A and B, indicating that member A likes the book that member B brought (0 <= A,B < N). Numbers A and B will never be the same (a member never likes the book he brought).OutputYou should output YES if we can find a new book for every club member and NO if that is not possible.Constraints2 <= N <= 10000 1<= M <= 20000 and M <= N^2 - N.Sample Input 19 90 11 22 03 44 35 66 77 88 5Sample Output 1:YES",8.7,7.92,69.92,19,346,8.0,16
astrological_sign,2.3,wrong answer,0,15,"You are given a date, and you should output the corresponding zodiac sign.The zodiac signs are as follows:Aries: March 21 - April 19Taurus: April 20 - May 20Gemini: May 21 - June 20Cancer: June 21 - July 22Leo: July 23 - August 22Virgo: August 23 - September 22Libra: September 23 - October 22Scorpio: October 23 - November 21Sagittarius: November 22 - December 21Capricorn: December 22 - January 19Aquarius: January 20 - February 18Pisces: February 19 - March 20The input consists of a single line containing a date in the format ""mm/dd"", where ""mm"" is a two-digit number representing the month (with no leading zeros) and ""dd"" is a two-digit number representing the day (with no leading zeros).Output the corresponding zodiac sign.",23.2,10.22,26.17,3,109,19.0,15
positive_divisors,2.9,accepted,53,53,"Solve in Python and justify:Given a positive integer N, compute all of its positive divisors.InputThe first and only line contains the integer N (1<=N<=10^15).OutputOutput all the divisors of N, in ascending order, one per line.",10.5,11.89,51.14,3,35,13.0,0
array_smoothening,2.7,wrong answer,0,54,"You‚Äôve just finished writing a random array generator for your competitive programming practical examination problem. However, when you tested it, you noticed that the distribution is skewed; some values may appear much more times than the other values. You wanted to smoothen the distribution, but you don‚Äôt want to modify your generator anymore. Thus, you decide to remove exactly K elements from the array, such that the maximum occurrence of a value is minimized. Now, given an array A of size N, determine the minimum possible maximum occurrence of a value from the array after you remove exactly K elements from it.InputThe first line contains two integers N (1<=N<=200000) and K (0<=K<=N).The next line contains N integers A[i] (1<=A[i]<=10^9), the elements of the array A.OutputPrint the minimum possible maximum occurrence of a value of A after exactly K removal.Subtasks1. (10 Points): K=0, N<=3000, A[i]<=3000, and A is sorted in non-decreasing order.2. (10 Points): K=0, N<=3000, and A[i]<=3000.3. (10 Points): K=0 and N<=3000 .4. (20 Points): K=0.5. (30 Points): N<=3000.6. (20 Points): No additional constraints.ExplanationIn the first sample, 1 appears twice, 7 appears three times, 3 appears five times, and none of the elements will be removed. Thus, the maximum occurrence is five.In the second sample, we can remove two occurrences of 3 and one occurrence of 7. Hence, 1 and 7 appear twice, and 3 appears three times. Thus, the maximum occurrence is three.WarningThe I/O files are large. Please use fast I/O methods.",9.4,8.89,59.7,21,243,10.0,54
a_new_alphabet,1.7,accepted,7,7,"You‚Äôve intercepted an encrypted message, and you are really curious about its contents. You know that the message was encrypted using a substitution cipher, in which every letter is replaced with another letter (and the same letter is always replaced with the same letter). In addition:Only uppercase and lowercase letters are encrypted. Any other characters (like spaces, punctuation, and numbers) are printed as-is in the final message.The encryption is case-insensitive; meaning that the same letter is either always upper case or always lower case in the encrypted message regardless of its original case in the message before encryption.You decide to write a program to help you decrypt the message. The program should read a line of text and replace every letter with its corresponding letter as shown in the table below. Non-alphabetic characters should be printed unchanged.Original: A B C D E F G H I J K L M N O P Q R S T U V W X Y ZSubstituted: @ 8 ( D 3 F 6 # ! J K 1 M N 0 P Q R $ 7 U V W X Y 2For example, the message ‚ÄúHello World!‚Äù would become ‚Äú#3110 87$1!‚Äù. You also notice that the word ‚ÄúTo be, or not to be: that is the question:‚Äù decrypts to ‚Äú7o 83, 06 3o 83: 6#at 6s 8#e 6#e8t6o86:‚ÄùInput:The input consists of a single string s (1‚â§|s|‚â§100).Output:Print the decrypted message.",9.1,9.99,61.87,13,231,10.0,0
arithmetic_functions,1.7,RTE,0,35,"You are given a single integer n. You must answer q queries. In each query, you are given a number m.If m is 1, output 1. Otherwise, factorize m into a product of primes: m=p1^k1p2^k2...pt^kt. Let s(k)=1^k2^k3^...pt^k. Compute the arithmetic function f(m)=s(k)/m.Input:The first line contains a single integer n (1‚â§n‚â§10^5), the number of test cases. Each of the following n lines contains a single integer mi (1‚â§mi‚â§10^5), the number for that query.Output:For each query, output a single line with a single integer, the value of f(mi) modulo 1,000,000,007.",8.5,10.22,69.99,9,88,9.0,35
collatz_conjecture,4.2,wrong answer,0,2,"Solve in Python and JustifyThe Collatz Conjecture is an interesting phenomenon. Though its principle is very simple, it still remains among unresolved problems in mathematics, even after many years of study. However, the years of intensive research brought at least some results, which is a huge advantage of the human race against the aliens, because they did not study the conjecture for so many years. We want to keep this advantage.Imagine a sequence defined recursively as follows: Start with any positive integer x0 (so-called ‚Äústarting value‚Äù). Then repeat the following:if xi is even, then x(i+1) = xi/2 (‚Äúhalf ‚Ä¶‚Äù)if xi is odd, then x(i+1) = 3xi +1 (‚Äú‚Ä¶or triple plus one‚Äù)The Collatz Conjecture says that every such sequence will eventually reach 1. It has still not been proven until today but we already know for sure that this is true for every x- < 2^58. (Never tell this to aliens!)In this problem, you are given two starting values and your task is to say after how many steps their sequences ‚Äúmeet‚Äù for the first time (which means the first number that occurs in both sequences) and at which number is it going to happen. For simplicity, we will assume that the sequence does not continue once it has reached the number one. In reality, it would then turn into 1, 4, 2, 1, 4, 2, 1, ..., which quickly becomes boring.InputThe input contains at most 1500 test cases. Each test case is described by a single line containing two integer numbers A and B, 1 <= A,B <= 1000000.The last test case is followed by a line containing two zeros.OutputFor each test case, output the sentence ‚ÄúA needs SA steps, B needs SB steps, they meet at C‚Äù, where SA and SB are the number of steps needed in both sequences to reach the same number C. Follow the output format precisely.Sample Input 17 827 300 0Sample Output 17 needs 13 steps, 8 needs 0 steps, they meet at 827 needs 95 steps, 30 needs 2 steps, they meet at 46",10.0,8.57,69.52,18,335,10.0,2
beat_the_spread!,2.4,accepted,2,2,"Superbowl Sunday is nearly here. In order to pass the time waiting for the half-time commercials and wardrobe malfunctions, the local hackers have organized a betting pool on the game. Members place their bets on the sum of the two final scores, or on the absolute difference between the two scores.Given the winning numbers for each type of bet, can you deduce the final scores?InputThe first line of input contains n, the number of test cases. n lines follow, each representing a test case. Each test case gives s and d, non-negative integers representing the sum and (absolute) difference between the two final scores. You can assume that 0<=s,d<=1000.OutputFor each test case, output a line giving the two final scores, largest first. If there are no such scores, output a line containing ‚Äúimpossible‚Äù. Recall that football scores are always non-negative integers. ",9.3,8.75,66.94,11,141,9.0,0
a_furious_cocktail,2.3,RTE,0,6,"You are given an array of integers. Your task is to pair up the numbers from opposite ends of the array, starting with the smallest and largest elements, until all pairs have been formed. If the array has an odd number of elements, the middle element should be paired with itself.Write a program that takes the input array and prints the pairs of numbers formed by this process.Input:The first line of input consists of a single integer n (1 ‚â§ n ‚â§ 100) ‚Äî the length of the array.The second line of input consists of n space-separated integers a1, a2, ..., an (1 ‚â§ ai ‚â§ 1000) ‚Äî the elements of the array.Output:If the length of the array is odd, the last line of output should consist of a single number. Otherwise, the output should consist of no additional lines.For each pair of elements formed by the process described above, print a single line containing the two elements separated by a space.",8.7,7.87,64.2,10,155,9.0,6
alchemy,8.9,wrong answer,3,76,"Solve in Python, Format your answer with proper indentation and justifyYou just finished day one of your alchemy class! For your alchemy homework, you have been given a string of lowercase letters and wish to make it a palindrome. You‚Äôre only a beginner at alchemy though, so your powers are limited. In a single operation, you may choose exactly two adjacent letters and change each of them into a different lowercase letter. The resulting characters may be the same as or different from one another, so long as they were both changed by the operation.Formally, if the string before the operation is s and you chose to change characters si and si+1 to produce string t, then si not equal to ti and si+1 is not equal to ti+1 must be true, but ti = ti+1 is permitted.Compute the minimum number of operations needed to make the string a palindrome.InputThe single line of input contains a string of  n (2<= n<= 100) lowercase letters, the string you are converting into a palindrome.OutputOutput a single integer, which is the minimum number of operations needed to make the string a palindrome.#GPT did not follow the rules of the problem for its initial answer, I had to correct it in order to make actually attempt this problem.This is incorrect as you need to change two operations at a timeRewrite the program to need to change two letters at a time",11.5,8.18,58.11,11,236,11.0,73
chasing_the_cheetahs,5.2,wrong answer,1,60,"Solve in Python. Use proper formatting and justifyA National Geographic film crew is visiting the ZOO this week. They are creating a documentary about animal speed and they would like to film one or more cheetahs running at full pace. A solitary running cheetah has been filmed successfully many times. Therefore, the crew is also after a much more spectacular feat: As many as possible cheetahs sprinting on parallel tracks filmed together in one shot.‚ÄúNo, that is impossible,‚Äù said the director. ‚ÄúWe cannot squeeze those animals into some sort of a start box, as you probably imagine, and then open the box and make them run all at once. It is clearly too dangerous and unpredictable. No.‚Äù‚ÄúThen let us make more boxes and open some of them earlier and some of them later,‚Äù said one of the filmmakers. ‚ÄúCould that work?‚Äù‚ÄúAnd if we open the boxes with the slower cheetahs a bit earlier then after a while the faster ones will be overtaking the slower ones and that would be a great shot,‚Äù pointed out another filmmaker. ‚ÄúWe would like to see the whole pack rather short with the last animals close the leading ones. As close as possible and at least for a moment.‚ÄùIt was a long and difficult discussion which ensued, but in the end the circumstances of the experiment were agreed upon.You are given the start time and the speed of each cheetah. The length of the pack, which is defined as the distance between the first and the last cheetah in the pack, might be different at different moments. Find the minimum length of the pack during the run, where all cheetahs must be running. You may also suppose that the track is so long that the minimum length of the pack happens at least a moment before the first cheetah reaches the finish line.All start boxes will be so close that you may consider them to be in the same place. The k-th cheetah will be released from its start box at the given time tk. The k-th cheetah is expected to run the whole distance at constant speed vk.InputThe first line contains the number of cheetahs N ( 1<= N <= 100000). Next, there are N lines, each line contains two integers tk, vk separated by spaces and representing the start time and velocity of the k-th cheetah (1 < k <= N). All input values tk and vk are positive and less than 10^5.OutputPrint a single line with one floating point number L specifying the minimum length of the running pack. Your answer should not differ from the correct answer by more than 10^(-2). The length of the pack is the distance between the first and the last animal in the pack. The length can be measured at any time  T >= maxk=1,..., Ntk. We suppose that each cheetah is running at a constant speed for all the time from the start and also at its moment of release from the start box.Sample Input 121 11 1Sample Output 10.000Sample Input 221 9999999999 99999Sample Output 29999700002.000Sample Input 331 13 24 3Sample Output 30.500",8.5,7.6,72.05,32,514,9.0,59
metronome,1.3,wrong answer,1,20,"MetronomeA Metronome is a mechanical device used by musicians for keeping time. It is a very clever device, based on a spring, an inverted pendulum, and an escapement gear. Milo is learning to play the glockenspiel, and has purchased a metronome to help him keep time. Milo has noticed that for every complete turn (one revolution) of the key, the metronome will give four ticks. Milo wants the metronome to stop at the end of each song that he tries to play.For a given song, how many revolutions must he wind the key?InputThe single line of input contains a single integer n (1<=n<=10^5), which is the length of the song in ticks.OutputOutput a single real number, which is the number of revolutions Milo must turn the metronome‚Äôs key so that it stops precisely at the end of the song. This number must be accurate to two decimal places.",8.8,8.4,71.75,9,148,8.0,19
